[
    {
        "id": 1,
        "nombre": "Ana Lorenzo ",
        "dire": "Catamarca 344",
        "tel": "3534294632"
    },
    {
        "id": 2,
        "nombre": "José Perales",
        "dire": "Jujuy 565",
        "tel": "3534565787"
    },
    {
        "id": 3,
        "nombre": "Alberto Tosas",
        "dire": "Malvvinas 1343",
        "tel": "3534556787"
    },
    {
        "id": 4,
        "nombre": "Hernán Sosa ",
        "dire": "j.Sosa 355",
        "tel": "3534298789"
    },
    {
        "id": 5,
        "nombre": "Laura Gomez",
        "dire": "San  Luis 1223",
        "tel": "3534233456"
    },
    {
        "id": 6,
        "nombre": "Diego Perla",
        "dire": "La plata S/n",
        "tel": "3535678987"
    },
    {
        "id": 7,
        "nombre": "Claudia",
        "dire": "Misiones",
        "tel": "3534567765"
    },
    {
        "id": 8,
        "nombre": "veronica",
        "dire": "San martín",
        "tel": "3534234432"
    },
    {
        "id": 9,
        "nombre": "sandra",
        "dire": "san juan 33",
        "tel": "3534232456"
    },
    {
        "id": 10,
        "nombre": "Betiana Perez",
        "dire": "j.m.Salgueiro",
        "tel": "3534234432"
    }
]