{
    "139959": {
        "id": 139959,
        "nombre": "Jabón líquido Homem essence",
        "detalle": "no reseca la piel",
        "stock": 2,
        "precio": 6500.0
    },
    "1897": {
        "id": 1897,
        "nombre": "Beijo de Humor Femenino ",
        "detalle": "Frutal moderado",
        "stock": 2,
        "precio": 49050.0
    },
    "96295": {
        "id": 96295,
        "nombre": "dose de humor ",
        "detalle": "Frutal",
        "stock": 1,
        "precio": 49050.0
    },
    "27386": {
        "id": 27386,
        "nombre": "Tóin óin óin Shampoo Cabellos Rizados",
        "detalle": "¡Limpia y da suavidad a tus rizos! ",
        "stock": 4,
        "precio": 5999.0
    },
    "156229": {
        "id": 156229,
        "nombre": "Kaiak sonar eau de toilette femenino ",
        "detalle": "Transforma en fragancia los sonidos del mar",
        "stock": 1,
        "precio": 51120.0
    },
    "156226": {
        "id": 156226,
        "nombre": "Kaiak sonar eau de toilette masculino ",
        "detalle": "Transforma los sonidos del mar en fragancia",
        "stock": 2,
        "precio": 51120.0
    },
    "69653": {
        "id": 69653,
        "nombre": "Desodorante roll on Kaiak masculino clásico ",
        "detalle": "Frescura todo el día",
        "stock": 6,
        "precio": 5000.0
    },
    "69655": {
        "id": 69655,
        "nombre": "Desodorante roll on Kaiak masculino aventura ",
        "detalle": "Frescura y perfume para tus días",
        "stock": 2,
        "precio": 5500.0
    },
    "69651": {
        "id": 69651,
        "nombre": "Desodorante roll on Kaiak masculino urbe ",
        "detalle": "Frescura perfumada para tus días",
        "stock": 2,
        "precio": 5000.0
    },
    "69654": {
        "id": 69654,
        "nombre": "Desodorante roll on Kaiak femenino clásico ",
        "detalle": "Frescura perfumada para tus días",
        "stock": 6,
        "precio": 5000.0
    },
    "26441": {
        "id": 26441,
        "nombre": "Jabón cremoso para manos Erva Doce ",
        "detalle": "Manos suaves y perfumadas",
        "stock": 1,
        "precio": 11340.0
    },
    "32542": {
        "id": 32542,
        "nombre": "Mistureba jabones en barra ",
        "detalle": "Cuida la piel de los más pequeños",
        "stock": 1,
        "precio": 8900.0
    },
    "78937": {
        "id": 78937,
        "nombre": "Jabones en barra cremosos y refrescantes Homem ",
        "detalle": "Cuidado del hombre",
        "stock": 0,
        "precio": 11170.0
    }
}