[
    {
        "id": 1,
        "fecha": "01/03/2025 15:29:28",
        "cliente": "Betiana Perez",
        "productos": [
            {
                "id_producto": 78937,
                "cantidad": 1
            }
        ],
        "total": 11170.0
    },
    {
        "id": 2,
        "fecha": "02/03/2025 16:31:20",
        "cliente": "Ana Lorenzo",
        "productos": [
            {
                "id_producto": 156229,
                "cantidad": 1
            }
        ],
        "total": 51120.0
    }
]